BST Model Scaled Impulse,,,,,,,,,,,,,,,,,
scaled_distance_Mf5.2,scaled_impulse_Mf5.2,scaled_distance_Mf4.0,scaled_impulse_Mf4.0,scaled_distance_Mf3.0,scaled_impulse_Mf3.0,scaled_distance_Mf2.0,scaled_impulse_Mf2.0,scaled_distance_Mf1.4,scaled_impulse_Mf1.4,scaled_distance_Mf1.0,scaled_impulse_Mf1.0,scaled_distance_Mf0.7,scaled_impulse_Mf0.7,scaled_distance_Mf0.35,scaled_impulse_Mf0.35,scaled_distance_Mf0.2,scaled_impulse_Mf0.2
0.010712148,0.516831374,0.010711062,0.493315031,0.010709975,0.470868705,0.010709975,0.470868705,0.010598399,0.384839657,0.010383637,0.319463247,0.01048373,0.26107286,0.010265041,0.163891218,0.010780351,0.095171085
0.010712148,0.516831374,0.011606214,0.493137107,0.011148527,0.470783783,0.011148527,0.470783783,0.011032009,0.378843621,0.010918185,0.324387785,0.011023058,0.261014005,0.011122918,0.163832107,0.011681294,0.09513676
0.011491517,0.516668265,0.011606214,0.493137107,0.011959644,0.470635207,0.011959644,0.470635207,0.011834649,0.378724061,0.010918185,0.324387785,0.012064724,0.2609081,0.012052898,0.166335083,0.012657531,0.095102447
0.012082282,0.508595325,0.012450631,0.492981476,0.0125749,0.47052911,0.0125749,0.47052911,0.012443475,0.378638683,0.011830647,0.324270788,0.013337977,0.260790478,0.013191436,0.163706568,0.013715355,0.095068146
0.013224491,0.516342202,0.013090702,0.485278642,0.013901994,0.470316987,0.013901994,0.470316987,0.012823702,0.378587466,0.013079197,0.324124601,0.015196689,0.264715064,0.014879185,0.163618009,0.01501144,0.095029573
0.014044549,0.508251439,0.014327758,0.485081743,0.013901994,0.470316987,0.013901994,0.470316987,0.013619368,0.378485053,0.013752047,0.324051532,0.016139045,0.260567142,0.017122456,0.160996129,0.015942308,0.093540518
0.014767061,0.508136861,0.015216746,0.484950521,0.015369143,0.47010496,0.015369143,0.47010496,0.014177054,0.378416792,0.015203372,0.323905444,0.017842281,0.260449674,0.018553425,0.160938062,0.017274649,0.093506781
0.015841448,0.507976497,0.015839841,0.484863059,0.016820941,0.462676112,0.016820941,0.462676112,0.014906383,0.378331484,0.015825384,0.3188588,0.019924168,0.26032052,0.02051077,0.158387692,0.018907084,0.093468841
0.017339032,0.515713947,0.016822647,0.484731897,0.018973059,0.462425824,0.018973059,0.462425824,0.01647953,0.378160926,0.016807862,0.323759422,0.022026123,0.256195245,0.022676528,0.162045829,0.021326109,0.093418278
0.018414859,0.515574439,0.017866434,0.48460077,0.021400524,0.462175672,0.021400524,0.462175672,0.018218084,0.372168244,0.017672531,0.323686435,0.025094722,0.256045109,0.025706024,0.160702382,0.023576763,0.093376163
0.019361544,0.50751859,0.018228561,0.484557068,0.021400524,0.462175672,0.021400524,0.462175672,0.019939672,0.372017239,0.01876905,0.323598873,0.029170322,0.255871984,0.027714964,0.160648044,0.026327765,0.093329859
0.021191187,0.507312667,0.018974984,0.484469678,0.023421265,0.447865716,0.023421265,0.447865716,0.021390394,0.371899833,0.020134603,0.323496748,0.032571793,0.247927275,0.031260894,0.16056114,0.028385295,0.093298302
0.022962191,0.507129695,0.02035552,0.484316782,0.026685132,0.454605562,0.026685132,0.454605562,0.022717594,0.371799228,0.022036554,0.318384681,0.036739119,0.247793157,0.035259307,0.158002493,0.030298112,0.09327096
0.024881203,0.506946788,0.021836498,0.484163935,0.026685132,0.454605562,0.026685132,0.454605562,0.024369602,0.365956862,0.023169426,0.313409921,0.040615701,0.245766522,0.037445758,0.155526691,0.032830207,0.09323732
0.026960592,0.506763947,0.021836498,0.484163935,0.029206846,0.454421108,0.029206846,0.454421108,0.02588165,0.365857865,0.024607008,0.313325139,0.044902844,0.247569788,0.040984338,0.155463587,0.036659686,0.091755659
0.028632434,0.498823269,0.023425226,0.484011136,0.029206846,0.454421108,0.029206846,0.454421108,0.028326478,0.360076385,0.026397306,0.313226256,0.049638315,0.239893676,0.046694126,0.155372482,0.041350028,0.091706023
0.031024274,0.490962738,0.025129542,0.483858385,0.032288103,0.447219938,0.032288103,0.447219938,0.030084037,0.359978979,0.028035166,0.313141523,0.054876903,0.239785528,0.051106667,0.15530944,0.044804246,0.090260906
0.033281464,0.490807793,0.027229685,0.483683872,0.032288103,0.447219938,0.032288103,0.447219938,0.032598241,0.359849145,0.030684457,0.313014468,0.060060675,0.23599631,0.055375915,0.152862051,0.048065631,0.091644016
0.036061665,0.48307357,0.027229685,0.483683872,0.034636072,0.440192428,0.034636072,0.440192428,0.034969945,0.359735579,0.033921599,0.308054156,0.067066452,0.232246026,0.058811797,0.152820699,0.051562675,0.091615094
0.038682737,0.468158789,0.029801851,0.476040443,0.03790914,0.440013822,0.03790914,0.440013822,0.03827327,0.354050847,0.03712715,0.307929165,0.071227691,0.2321832,0.06501631,0.150398964,0.054760107,0.090179542
0.041497123,0.468011041,0.029801851,0.476040443,0.041490107,0.433060491,0.041490107,0.433060491,0.042309584,0.343073199,0.039037131,0.307859747,0.077953352,0.224994307,0.071157869,0.148022279,0.059334549,0.088758479
0.045417017,0.460615283,0.032616988,0.4685178,0.046798466,0.432826224,0.046798466,0.432826224,0.047244785,0.337621325,0.041876593,0.305383152,0.084465266,0.221448813,0.077879571,0.145683153,0.063016051,0.088734469
0.045417017,0.460615283,0.035341681,0.461134826,0.050199921,0.419462817,0.050199921,0.419462817,0.049673581,0.332345993,0.045833107,0.302899161,0.092444009,0.217949361,0.084385321,0.143387456,0.069664103,0.087328302
0.047751849,0.453418171,0.03907015,0.453827265,0.053852247,0.419330438,0.053852247,0.419330438,0.053824935,0.332226126,0.050670111,0.302762609,0.1042645,0.211172611,0.092359636,0.143329277,0.073986518,0.087304678
0.051226064,0.453275075,0.043190503,0.439755964,0.060129775,0.400052005,0.060129775,0.400052005,0.059503346,0.326961369,0.056015695,0.297964758,0.114109655,0.204634251,0.103132926,0.141051591,0.081794696,0.08726532
0.051226064,0.453275075,0.046334421,0.446494551,0.060129775,0.400052005,0.060129775,0.400052005,0.0644762,0.326843444,0.061307039,0.293256161,0.124880214,0.195243937,0.114009363,0.136678166,0.09133255,0.084555771
0.054402622,0.446172534,0.050206713,0.446333513,0.067145883,0.399853624,0.067145883,0.399853624,0.070561966,0.31184516,0.064456578,0.284227578,0.136676626,0.192158589,0.127303681,0.132434371,0.096031091,0.08453671
0.058360717,0.446031725,0.053855889,0.432553073,0.07059777,0.393605913,0.07059777,0.393605913,0.074937555,0.306958739,0.069841025,0.279748678,0.149572172,0.180516758,0.137938125,0.130347451,0.103010923,0.081926659
0.061358895,0.432299586,0.058354797,0.425736837,0.07059777,0.393605913,0.07059777,0.393605913,0.080389682,0.306861865,0.075675268,0.275340356,0.162055877,0.172240921,0.149455875,0.126317308,0.111619822,0.08189711
0.065820872,0.425506532,0.058354797,0.425736837,0.075729031,0.381453424,0.075729031,0.381453424,0.085374694,0.302053529,0.080370654,0.275265872,0.162055877,0.172240921,0.160318783,0.122417292,0.118545442,0.081874956
0.069204641,0.418857994,0.061973412,0.419065803,0.080422313,0.36969281,0.080422313,0.36969281,0.091581535,0.295008528,0.086212237,0.266767104,0.17556963,0.159320675,0.173705304,0.118632337,0.129734685,0.078117855
0.074983187,0.405907549,0.065818646,0.41895244,0.08540646,0.358294788,0.08540646,0.358294788,0.099230215,0.288114851,0.091561405,0.26669494,0.186444196,0.152030288,0.190100964,0.113188503,0.146323404,0.075688918
0.074983187,0.405907549,0.071312051,0.399745458,0.090702565,0.35268053,0.090702565,0.35268053,0.104324461,0.274943343,0.096265208,0.258484107,0.194072144,0.149661563,0.205974279,0.109688889,0.160145379,0.074492842
0.079630245,0.393392989,0.075734153,0.393481693,0.098279497,0.347122938,0.098279497,0.347122938,0.109683943,0.266478563,0.103265549,0.254422348,0.202005341,0.14506042,0.216548514,0.104674333,0.178825537,0.073309055
0.083726769,0.393304305,0.080427753,0.381350235,0.100254529,0.321171212,0.100254529,0.321171212,0.115326559,0.26641849,0.108568795,0.244682874,0.212397368,0.145027719,0.229969037,0.101447112,0.189901769,0.069954491
0.089812286,0.381161128,0.085412237,0.369592803,0.106471372,0.316138658,0.106471372,0.316138658,0.118846505,0.262279354,0.115299261,0.238986745,0.22554537,0.136259719,0.249162886,0.096796243,0.207833206,0.067788549
0.094429424,0.375205487,0.088016174,0.358246323,0.111941147,0.306405584,0.111941147,0.306405584,0.127476008,0.246411513,0.124926679,0.231597642,0.230085727,0.128044902,0.259339287,0.092375255,0.222946696,0.066723335
0.097308266,0.363686698,0.088016174,0.358246323,0.118874643,0.292384708,0.118874643,0.292384708,0.135380871,0.242550397,0.132668969,0.224457241,0.241905968,0.124102738,0.275383814,0.085453649,0.24156261,0.064660353
0.101282566,0.347075984,0.09347727,0.358149412,0.126237591,0.279005417,0.126237591,0.279005417,0.143771056,0.235072311,0.14089585,0.220940135,0.25178598,0.118434576,0.289531163,0.082822757,0.261724089,0.061695982
0.101282566,0.347075984,0.097291813,0.336526975,0.132713844,0.262149293,0.132713844,0.262149293,0.152670894,0.220860448,0.1451913,0.214157284,0.264703128,0.111279346,0.307474763,0.080269244,0.275169694,0.059796526
0.105419185,0.331223933,0.106474972,0.321084331,0.13812952,0.24632264,0.13812952,0.24632264,0.160508659,0.210763554,0.157309365,0.204339189,0.278264131,0.101360235,0.320011114,0.074261429,0.292203482,0.056181383
0.108640417,0.331179129,0.111941147,0.306405584,0.148159172,0.231420176,0.148159172,0.231420176,0.168748796,0.20112825,0.165390851,0.198048125,0.29547948,0.093765392,0.329767198,0.071981607,0.313420521,0.052782422
0.114221623,0.320982999,0.121288165,0.296931995,0.157330647,0.217429112,0.157330647,0.217429112,0.175637926,0.190458109,0.172145805,0.189002645,0.313749279,0.085403571,0.350168884,0.066588082,0.313420521,0.052782422
0.120089554,0.31110078,0.13140232,0.274658343,0.16212714,0.21075405,0.16212714,0.21075405,0.182814485,0.183175493,0.180983366,0.180362167,0.336519388,0.079000787,0.371870487,0.064535101,0.342991992,0.049584626
0.124990068,0.292318795,0.13140232,0.274658343,0.168754503,0.204274701,0.168754503,0.204274701,0.182814485,0.183175493,0.188362414,0.166862819,0.357350896,0.074224604,0.40290782,0.061576472,0.364248809,0.048055879
0.128796248,0.278980256,0.142364705,0.25802994,0.179206947,0.194927253,0.179206947,0.194927253,0.192206251,0.177536003,0.196055581,0.15924167,0.379497602,0.071936181,0.423606486,0.059680696,0.375353555,0.046580566
0.134056591,0.266238351,0.142364705,0.25802994,0.180995608,0.186049479,0.180995608,0.186049479,0.202060001,0.164240776,0.202019004,0.149634572,0.419462817,0.065509231,0.440892666,0.056077612,0.398589009,0.043764426
0.139531779,0.254078409,0.148164183,0.235040513,0.186513567,0.18033777,0.186513567,0.18033777,0.212418918,0.151941194,0.208170858,0.14280673,0.449935435,0.062508762,0.468201011,0.053511546,0.419079976,0.043080607
0.143785643,0.246278215,0.157335968,0.220830573,0.190274626,0.172116699,0.190274626,0.172116699,0.221087132,0.142768099,0.218872664,0.140575375,0.482605469,0.058726996,0.487323448,0.051067505,0.445052321,0.041752386
0.15116726,0.235019317,0.16876021,0.207470374,0.200042878,0.164248182,0.200042878,0.164248182,0.230093508,0.130048037,0.227788829,0.128050676,0.517630184,0.054324179,0.51752516,0.04949304,0.463229311,0.039845423
0.15116726,0.235019317,0.179206947,0.194927253,0.210319722,0.159191414,0.210319722,0.159191414,0.239499171,0.126049885,0.241914149,0.126044201,0.549672966,0.05103988,0.544075285,0.046502916,0.482132386,0.037439849
0.162149073,0.224254908,0.186519875,0.183158974,0.216717018,0.149587348,0.216717018,0.149587348,0.259462104,0.114798641,0.241914149,0.126044201,0.589624871,0.049464036,0.583600596,0.044372978,0.496847816,0.036858175
0.172174917,0.204256279,0.196088735,0.172093417,0.225552998,0.138391366,0.225552998,0.138391366,0.278282953,0.1045564,0.254324851,0.118429236,0.619852899,0.045759798,0.601372317,0.042348235,0.511960439,0.03463451
0.177417962,0.194936043,0.208234228,0.164218559,0.234749237,0.128033355,0.234749237,0.128033355,0.295489473,0.095232258,0.272791504,0.111264294,0.65826808,0.044348975,0.632245357,0.040412235,0.538261488,0.033568205
0.177417962,0.194936043,0.208234228,0.164218559,0.251794495,0.120287367,0.251794495,0.120287367,0.310648702,0.089478797,0.283904149,0.101351094,0.65826808,0.044348975,0.671405851,0.038563004,0.577364445,0.032030706
0.182820668,0.18604109,0.223339112,0.149567114,0.262069515,0.113025297,0.262069515,0.113025297,0.326596676,0.085388169,0.295489473,0.095232258,0.685130135,0.041671509,0.705850377,0.036233218,0.600986023,0.031531649
0.196095367,0.174785646,0.232445087,0.138372646,0.281069994,0.101355664,0.281069994,0.101355664,0.339935656,0.081488223,0.31375989,0.086739625,0.749823414,0.040381269,0.734703823,0.035119277,0.631839232,0.030090142
0.204111268,0.169412097,0.246817405,0.126032835,0.295489473,0.095232258,0.295489473,0.095232258,0.35739924,0.078979416,0.329856429,0.081499247,0.788264267,0.037357216,0.757102521,0.034041117,0.657645041,0.028715831
0.212440471,0.159184236,0.256889324,0.118423896,0.295489473,0.095232258,0.295489473,0.095232258,0.371983691,0.074211217,0.346790483,0.077773413,0.845529118,0.035646173,0.780197274,0.03325315,0.677683012,0.027619058
0.225560626,0.14055636,0.272782279,0.109550486,0.310638196,0.088100552,0.310638196,0.088100552,0.395023899,0.070815371,0.368295165,0.076554752,0.880017885,0.033235161,0.820292379,0.032480493,0.719645689,0.026151469
0.241930512,0.13001872,0.283913751,0.102936631,0.310638196,0.088100552,0.310638196,0.088100552,0.41115761,0.067581011,0.368295165,0.076554752,0.95341823,0.030981636,0.845271803,0.030998405,0.779709296,0.024952549
0.254333453,0.120281943,0.298469026,0.095227964,0.346837398,0.082755561,0.346837398,0.082755561,0.432250856,0.063498101,0.387202573,0.073054961,1.07518302,0.028211118,0.871011898,0.029583944,0.811527023,0.023446097
0.264729985,0.116584036,0.316966547,0.092291985,0.346837398,0.082755561,0.346837398,0.082755561,0.459039462,0.061540387,0.39501054,0.0697246,1.07518302,0.028211118,0.934288097,0.028228933,0.853131206,0.021690277
0.270068284,0.111269311,0.316966547,0.092291985,0.364630883,0.07775588,0.364630883,0.07775588,0.492387196,0.0587217,0.41949119,0.067574916,1.130303934,0.026098458,0.982252251,0.026938415,0.89695929,0.021022491
0.283923352,0.104546971,0.326618767,0.088080691,0.387202573,0.073054961,0.387202573,0.073054961,0.528139673,0.055169051,0.445458889,0.063489512,1.188290893,0.024521719,1.043091738,0.025705734,0.952483624,0.019751525
0.283923352,0.104546971,0.326618767,0.088080691,0.411185421,0.069712025,0.411185421,0.069712025,0.566488155,0.051831336,0.468311863,0.05965379,1.300429058,0.023215572,1.064161744,0.024917693,1.042298324,0.018127842
0.295529448,0.101332815,0.357447591,0.08403882,0.441026881,0.064485649,0.441026881,0.064485649,0.601514698,0.047209115,0.492353893,0.056926647,1.394830267,0.021642405,1.085675714,0.024342008,1.106838274,0.017164586
0.307589167,0.095215083,0.357447591,0.08403882,0.473066059,0.061532063,0.473066059,0.061532063,0.638771773,0.045048864,0.528157534,0.056032115,1.481224325,0.020652066,1.141411752,0.023229185,1.106838274,0.017164586
0.307589167,0.095215083,0.391146594,0.076534043,0.507398459,0.056918947,0.507398459,0.056918947,0.692038611,0.041669629,0.528157534,0.056032115,1.481224325,0.020652066,1.224310924,0.021993868,1.163660749,0.016379887
0.333227595,0.086716161,0.411213233,0.071910235,0.528157534,0.056032115,0.528157534,0.056032115,0.734902625,0.03976286,0.555253122,0.052646933,1.526278735,0.019406121,1.274271584,0.020666039,1.235736453,0.015630356
0.333227595,0.086716161,0.411213233,0.071910235,0.538807868,0.053477775,0.538807868,0.053477775,0.796212691,0.037355532,0.577930973,0.050242382,1.637157952,0.018517277,1.366797071,0.019415749,1.352237689,0.014234545
0.361027476,0.081466179,0.428008154,0.068625869,0.57220031,0.051828999,0.57220031,0.051828999,0.837088379,0.03564778,0.577930973,0.050242382,1.703965729,0.017399339,1.451356618,0.017960942,1.407418677,0.013375167
0.375759985,0.076547848,0.428008154,0.068625869,0.60760059,0.047945492,0.60760059,0.047945492,0.871218119,0.032979694,0.613706546,0.047204858,1.809446059,0.01634742,1.525917458,0.017407972,1.479672242,0.012763706
0.399047587,0.074187797,0.44548902,0.06549151,0.638771773,0.045048864,0.638771773,0.045048864,0.943900456,0.030983033,0.651696728,0.044350974,1.960334805,0.015121157,1.604200219,0.016356268,1.540157643,0.012371303
0.399047587,0.074187797,0.44548902,0.06549151,0.671564814,0.042989402,0.671564814,0.042989402,1.012471774,0.029563941,0.678325034,0.04265511,2.060973784,0.014429876,1.686556086,0.015608522,1.603007111,0.011624414
0.436712808,0.070783446,0.468391059,0.064468205,0.720351827,0.041020391,0.720351827,0.041020391,1.064413696,0.027777834,0.70606525,0.041665872,2.145221377,0.013986249,1.827320694,0.014892946,1.702410528,0.011442267
0.450011523,0.06755359,0.468391059,0.064468205,0.780447976,0.038536929,0.780447976,0.038536929,1.119020348,0.026099635,0.742338084,0.04038309,2.371136467,0.012736684,1.864168744,0.01421402,1.771941002,0.010919663
0.473098057,0.063472337,0.487488284,0.059643032,0.837173311,0.037347111,0.837173311,0.037347111,1.200232375,0.024142921,0.772630798,0.037945055,2.46797929,0.01215496,1.959738227,0.013149568,1.844248892,0.010260413
0.49740262,0.061518191,0.487488284,0.059643032,0.862608444,0.034553395,0.862608444,0.034553395,1.287425378,0.023037122,0.812295846,0.036210352,2.647180482,0.011419587,2.081121984,0.012547854,1.919507463,0.009640965
0.51771772,0.058708462,0.533501227,0.056906116,0.89780905,0.032467314,0.89780905,0.032467314,1.380905969,0.021643381,0.84547193,0.034556511,2.839393562,0.010728705,2.209949361,0.011789243,2.038468314,0.009343724
0.549784514,0.05602201,0.583837485,0.053458487,0.89780905,0.032467314,0.89780905,0.032467314,1.496058984,0.020019854,0.888846411,0.032468778,2.839393562,0.010728705,2.277323433,0.011427314,2.142973533,0.008643995
0.589684695,0.051821988,0.607662238,0.050231056,0.934509299,0.03146915,0.934509299,0.03146915,1.572863135,0.019104623,0.934477696,0.03098443,2.985060398,0.01008053,2.418459812,0.011074998,2.321831995,0.008247709
0.589684695,0.051821988,0.638858189,0.047934684,1.002466182,0.030974651,1.002466182,0.030974651,1.670171357,0.017673128,0.992391647,0.030029147,3.138200247,0.009471514,2.517235432,0.010569168,2.490505586,0.007869946
0.638901401,0.049446195,0.664973157,0.046460997,1.053966082,0.030021024,1.053966082,0.030021024,1.791473615,0.01673328,1.053930439,0.029558609,3.332689187,0.009179497,2.699784868,0.009551771,2.540726806,0.007511178
0.638901401,0.049446195,0.70616077,0.044334978,1.130418617,0.027342573,1.130418617,0.027342573,1.921520905,0.015599376,1.085987848,0.027775329,3.468569483,0.008492451,2.924967953,0.008904109,2.540726806,0.007511178
0.685269172,0.045739168,0.749848773,0.041012993,1.237032663,0.025290394,1.237032663,0.025290394,1.921520905,0.015599376,1.130303934,0.026098458,3.68328381,0.007979019,3.075232929,0.008629975,2.725210231,0.007056753
0.713281308,0.044332979,0.820625344,0.039130978,1.326764471,0.023034005,1.326764471,0.023034005,2.081685111,0.014206971,1.130303934,0.026098458,3.990565844,0.007495952,3.265653824,0.008171406,2.922990235,0.006527702
0.742413404,0.042308153,0.871394919,0.036198924,1.394971789,0.022674099,1.394971789,0.022674099,2.232837293,0.013347453,1.188331081,0.024905337,4.237736546,0.007152943,3.331505963,0.007798895,3.042474963,0.006327017
0.804363666,0.040056419,0.925336746,0.034010431,1.466536764,0.021304243,1.466536764,0.021304243,2.347386522,0.012541066,1.188331081,0.024905337,4.499760141,0.006515057,3.398858429,0.007618714,3.198668474,0.00603777
0.837229938,0.038524767,0.925336746,0.034010431,1.526433594,0.020331211,1.526433594,0.020331211,2.492780733,0.011967197,1.261934835,0.023765688,4.730767246,0.006217214,3.573347829,0.007270415,3.39667516,0.005672742
0.854141624,0.037343743,1.002533989,0.031951367,1.526433594,0.020331211,1.526433594,0.020331211,2.673782771,0.011243184,1.261934835,0.023765688,4.973633713,0.005932987,3.719291808,0.006938352,3.535642545,0.005584357
0.89793051,0.034547163,1.002533989,0.031951367,1.604797106,0.019401746,1.604797106,0.019401746,2.810953427,0.010563927,1.326719602,0.022679212,5.17676868,0.005662009,3.949660132,0.006620859,3.606939025,0.005329783
0.963227408,0.034004297,1.053966082,0.030021024,1.65361023,0.018231233,1.65361023,0.018231233,2.92566047,0.009926154,1.380905969,0.021643381,5.442715876,0.00548769,4.194297185,0.006317894,3.754127984,0.005008009
1.022923114,0.032955909,1.141894371,0.028203487,1.756032798,0.017396986,1.756032798,0.017396986,3.138200247,0.009471514,1.423053366,0.021307125,5.721938599,0.005156151,4.322021314,0.006029608,3.907455452,0.004779278
1.054037373,0.030967669,1.212539876,0.026090222,1.90253178,0.016343735,1.90253178,0.016343735,3.332463779,0.008898891,1.466387981,0.020334878,6.076553882,0.004997182,4.498542889,0.005754216,4.149618733,0.004631928
1.054037373,0.030967669,1.327033717,0.025282412,2.040675551,0.015354943,2.040675551,0.015354943,3.433827351,0.008362018,1.466387981,0.020334878,6.324520825,0.004695488,4.682274022,0.005491403,4.318806854,0.004285247
1.119398852,0.030482424,1.381092785,0.023029851,2.124021568,0.014653634,2.124021568,0.014653634,3.683408377,0.008103843,1.541668892,0.019405245,6.583274481,0.00462233,4.87350917,0.005240594,4.72628966,0.004025628
1.153408607,0.028202215,1.381092785,0.023029851,2.210771633,0.013984357,2.210771633,0.013984357,3.950728863,0.00749629,1.588669295,0.018809505,6.886610998,0.004411114,5.123876953,0.00507925,5.120239279,0.003666299
1.212621893,0.026912918,1.481374613,0.021636551,2.347704088,0.013344444,2.347704088,0.013344444,4.237593233,0.007042766,1.670171357,0.017673128,7.204167938,0.004275404,5.44124354,0.004846827,5.437380553,0.003498532
1.212621893,0.026912918,1.481374613,0.021636551,2.443589877,0.012734961,2.443589877,0.012734961,4.500064505,0.006720495,1.791443323,0.016603908,7.498276406,0.004048588,5.663285269,0.004554211,5.8319942,0.003236244
1.262105556,0.025288113,1.588937954,0.020327544,2.543391868,0.012153315,2.543391868,0.012153315,4.731087236,0.00641326,1.883475507,0.016092718,7.726220882,0.003774922,6.014062139,0.004345814,6.192801809,0.002993755
1.313741788,0.024894109,1.588937954,0.020327544,2.647359538,0.011779678,2.647359538,0.011779678,4.924149499,0.006026074,1.883475507,0.016092718,8.042321967,0.003716107,6.515791938,0.004082709,6.642464201,0.002812633
1.313741788,0.024894109,1.687126558,0.018229588,2.755577153,0.011417528,2.755577153,0.011417528,5.17676868,0.005662009,2.020303915,0.015355635,8.540453421,0.003546061,6.815788566,0.003836139,7.053651649,0.002642589
1.381186202,0.023756045,1.687126558,0.018229588,2.868121443,0.010896053,2.868121443,0.010896053,5.497411316,0.00540292,2.020303915,0.015355635,8.712672264,0.003384406,7.165573958,0.003632462,7.642368808,0.002521439
1.481474813,0.02231881,1.84637071,0.017393064,3.015466032,0.010560593,3.015466032,0.010560593,5.83771673,0.005076273,2.188924034,0.014651652,8.977989295,0.003229975,7.647022447,0.00333423,7.954501229,0.002406277
1.557582922,0.021631673,1.84637071,0.017393064,3.107292566,0.010078712,3.107292566,0.010078712,6.261596218,0.00476916,2.255428273,0.013555649,9.438898155,0.003082313,8.202553913,0.003181515,8.446336194,0.002191689
1.621198293,0.020643686,1.980235679,0.015597265,3.234201745,0.009618385,3.234201745,0.009618385,6.517114215,0.004481233,2.255428273,0.013555649,9.726659051,0.002987686,8.623653744,0.003036068,8.969795132,0.002124117
1.687354801,0.019397372,2.103031262,0.015352866,3.400238058,0.00917867,3.400238058,0.00917867,6.851919256,0.004343267,2.347465909,0.012737258,,,8.975257076,0.002808831,9.289582604,0.002042943
1.828124245,0.018223014,2.301298247,0.013981835,3.539111824,0.008759451,3.539111824,0.008759451,7.203437063,0.004080869,2.347465909,0.012737258,,,9.341511882,0.002639255,9.81477453,0.001875298
1.828124245,0.018223014,2.301298247,0.013981835,3.683657524,0.008359379,3.683657524,0.008359379,7.726482179,0.003833977,2.46797929,0.01215496,,,9.723205739,0.002538336,,
1.94122469,0.016857577,2.395207707,0.013137714,3.872898815,0.008102016,3.872898815,0.008102016,8.122866895,0.003602347,2.568951155,0.011965578,,,,,,
1.94122469,0.016857577,2.621108784,0.012151672,4.071586635,0.007612532,4.071586635,0.007612532,8.454909927,0.003491598,2.714601385,0.01177835,,,,,,
2.124452604,0.016084012,2.811333706,0.011240649,4.237879865,0.007264844,4.237879865,0.007264844,8.888965122,0.003331975,2.811238632,0.011067509,,,,,,
2.211070717,0.014880192,3.045975346,0.010725319,4.410964904,0.006933036,4.410964904,0.006933036,9.252011486,0.003179794,2.926155225,0.010727254,,,,,,
2.348101106,0.01442142,3.267034628,0.009921232,4.684333019,0.006719283,4.684333019,0.006719283,9.726659051,0.002987686,3.107240024,0.010000789,,,,,,
2.468480127,0.013341436,3.267034628,0.009921232,4.826816407,0.006313907,4.826816407,0.006313907,,,3.299587029,0.009396167,,,,,,
2.64780723,0.012730368,3.400353053,0.009322261,5.177293925,0.005931917,5.177293925,0.005931917,,,3.539291362,0.008965802,,,,,,
2.755949941,0.012148932,3.647254364,0.008758266,5.497969094,0.005660477,5.497969094,0.005660477,,,3.683782103,0.008490153,,,,,,
2.868412448,0.011415469,3.758447129,0.008489388,5.897378779,0.005401214,5.897378779,0.005401214,,,3.872833327,0.008039376,,,,,,
3.107923142,0.01106252,3.758447129,0.008489388,6.13824168,0.005154524,6.13824168,0.005154524,,,4.071517787,0.007553677,,,,,,
3.17059463,0.010558212,3.951396967,0.008101285,6.453146332,0.004843113,6.453146332,0.004843113,,,4.237879865,0.007264844,,,,,,
3.267145118,0.01007644,3.951396967,0.008101285,6.921712468,0.004550106,6.921712468,0.004550106,,,4.455593333,0.007041179,,,,,,
3.435105001,0.009918995,4.195999691,0.007611503,7.424552508,0.004341701,7.424552508,0.004341701,,,4.684174602,0.006615786,,,,,,
3.647624421,0.009175773,4.195999691,0.007611503,7.650385171,0.004079765,7.650385171,0.004079765,,,4.875817153,0.006512708,,,,,,
3.912215605,0.008357118,4.455593333,0.007041179,7.963383607,0.0040162,7.963383607,0.0040162,,,5.125783432,0.006024987,,,,,,
3.912215605,0.008357118,4.731407248,0.006615487,8.205883408,0.00383294,8.205883408,0.00383294,,,5.335132554,0.005749807,,,,,,
4.196283509,0.007851514,4.924649113,0.006313337,8.627445935,0.003714934,8.627445935,0.003714934,,,5.665775658,0.005572535,,,,,,
4.196283509,0.007851514,5.22985264,0.00611869,8.979507553,0.003490653,8.979507553,0.003490653,,,5.956844709,0.005400971,,,,,,
4.500977723,0.007376499,5.443636288,0.005930579,9.34656797,0.003383338,9.34656797,0.003383338,,,6.076964901,0.005154756,,,,,,
4.732047336,0.007039274,5.723099776,0.005659456,9.6311883,0.003228956,9.6311883,0.003228956,,,6.453146332,0.004843113,,,,,,
4.97497952,0.006717465,5.723099776,0.005659456,9.924140218,0.003034152,9.924140218,0.003034152,,,6.71693525,0.004694218,,,,,,
5.282587603,0.006118414,6.077581482,0.005400484,,,,,,,7.061766913,0.004479617,,,,,,
5.609974251,0.005929777,6.077581482,0.005400484,,,,,,,7.424552508,0.004341701,,,,,,
5.609974251,0.005929777,6.262231532,0.004996506,,,,,,,7.650902644,0.004208411,,,,,,
5.839493828,0.005837388,6.583719775,0.004768085,,,,,,,7.650902644,0.004208411,,,,,,
6.139072091,0.005484722,7.062005738,0.004549696,,,,,,,7.88388682,0.004016381,,,,,,
6.585055837,0.005233509,7.499671247,0.004409424,,,,,,,8.042865951,0.003833286,,,,,,
6.922414759,0.00476701,7.727527455,0.004079581,,,,,,,8.042865951,0.003833286,,,,,,
7.350931943,0.004478809,7.727527455,0.004079581,,,,,,,8.627445935,0.003714934,,,,,,
7.728572873,0.004340918,8.206160927,0.003892903,,,,,,,9.161199577,0.003436577,,,,,,
8.044226072,0.004142655,8.456053748,0.003715269,,,,,,,9.161199577,0.003436577,,,,,,
8.457483743,0.004015113,8.456053748,0.003715269,,,,,,,9.536009613,0.003383033,,,,,,
8.457483743,0.004015113,8.801716647,0.003601048,,,,,,,9.728303917,0.00322881,,,,,,
8.802907387,0.00383173,8.801716647,0.003601048,,,,,,,,,,,,,,
9.162748818,0.003713929,9.346251884,0.003331224,,,,,,,,,,,,,,
9.537299692,0.003599749,9.630862589,0.00317922,,,,,,,,,,,,,,
9.926154166,0.003330323,9.630862589,0.00317922,,,,,,,,,,,,,,
,,10.12597331,0.003129545,,,,,,,,,,,,,,
